{"stats":{"minecraft:used":{"minecraft:redstone":14,"minecraft:slime_block":9,"minecraft:pig_spawn_egg":8,"minecraft:sticky_piston":1,"minecraft:iron_sword":5,"minecraft:repeater":2,"minecraft:tnt":60,"minecraft:redstone_torch":2},"minecraft:killed":{"minecraft:pig":1},"minecraft:custom":{"minecraft:jump":79,"minecraft:time_since_rest":10399,"minecraft:damage_dealt":340,"minecraft:crouch_one_cm":37,"minecraft:play_time":10399,"minecraft:leave_game":2,"minecraft:sprint_one_cm":5267,"minecraft:time_since_death":10399,"minecraft:walk_one_cm":8003,"minecraft:sneak_time":161,"minecraft:total_world_time":10399,"minecraft:mob_kills":1,"minecraft:fall_one_cm":1695,"minecraft:fly_one_cm":112117}},"DataVersion":3465}